image_size	time(s)
640000	0.001645
359040	0.000966
2073600	0.005426
5040000	0.011878
27225	0.000157
21026304	0.039373
