system_size	time(s)
16	0.001686
16	0.001681
16	0.001698
16	0.001666
