system_size	time(s)
16	0.003168
16	0.003195
16	0.003192
