image_size	time(s)
359040	0.001778
640000	0.007347
2073600	0.012040
5040000	0.023385
27225	0.000217
21026304	0.077159
359040	0.001825
